id,company,ticker,exchange,cik,items,sector,filerCategory,revenue,revenueFY,city,hq,formerName,event,filed,deadline,quote,source,profile
"0001140361-26-036866","LISATA THERAPEUTICS, INC.","","","320017","1.01 2.01 3.02 5.02 5.03 7.01 9.01","Life Sciences","","","","BASKING RIDGE","NJ","CALADRIUS BIOSCIENCES, INC.","2026-09-17","2026-09-17","","Concurrent with the acquisition, Lisata entered into a definitive purchase agreement for the sale of Series C non-voting convertible preferred stock in a private placement financing, which is expected to result in gross proceeds to Lisata of approximately $225 million before deducting placement agent and other offering expenses.","https://www.sec.gov/Archives/edgar/data/320017/000114036126036866/0001140361-26-036866-index.htm","https://www.sec.gov/cgi-bin/browse-edgar?action=getcompany&CIK=320017&type=8-K&dateb=&owner=include&count=40"
"0001171843-26-006093","Axe Compute Inc.","AGPU","Nasdaq","1446159","1.01 2.01 9.01","Finance Services","Non-accelerated filer · Smaller reporting company","125284","2025","PITTSBURGH","PA","Predictive Oncology Inc.","2026-09-11","2026-09-17","","Under the agreement, Axe Compute sold its wholly-owned subsidiary Helomics in exchange for common shares and common share equivalents of DataMEDS.","https://www.sec.gov/Archives/edgar/data/1446159/000117184326006093/0001171843-26-006093-index.htm","https://www.sec.gov/cgi-bin/browse-edgar?action=getcompany&CIK=1446159&type=8-K&dateb=&owner=include&count=40"
"0001493152-26-043135","HEALTHY CHOICE WELLNESS CORP.","HCWC","NYSE","1948864","1.01 2.01 2.02 3.02 3.03 4.01 5.01 5.02 5.03 9.01","Retail-Grocery Stores","Emerging growth company","78205678","2025","HOLLYWOOD","FL","","2026-09-17","2026-09-17","","In February 2026, we acquired T-20 Mining LLC (""T-20""), a Delaware limited liability company that held an Electric Service Agreement (""ESA"") with the applicable utility provider for the Project Facility's location.","https://www.sec.gov/Archives/edgar/data/1948864/000149315226043135/0001493152-26-043135-index.htm","https://www.sec.gov/cgi-bin/browse-edgar?action=getcompany&CIK=1948864&type=8-K&dateb=&owner=include&count=40"
"0001571283-26-000051","Rexford Industrial Realty, Inc.","","","1571283","2.01 7.01 9.01","Real Estate & Construction","","","","LOS ANGELES","CA","Rexford Industrial, Inc.","2026-09-16","2026-09-17","","The Portfolio Transaction is part of Rexford Industrial's previously announced portfolio realignment, a $2.0 billion disposition initiative of non-core assets that enhances the Company's portfolio quality, cash flow durability and balance sheet strength.","https://www.sec.gov/Archives/edgar/data/1571283/000157128326000051/0001571283-26-000051-index.htm","https://www.sec.gov/cgi-bin/browse-edgar?action=getcompany&CIK=1571283&type=8-K&dateb=&owner=include&count=40"
"0001638833-26-000085","Surgery Partners, Inc.","SGRY","Nasdaq","1638833","2.01 9.01","Services-General Medical & Surgical Hospitals, NEC","Large accelerated filer","3308700000","2025","BRENTWOOD","TN","","2026-09-14","2026-09-17","","In addition, the unaudited pro forma condensed consolidated financial statements are provided for illustrative and informational purposes only and are not necessarily indicative of the Company’s future results of operations or financial condition had the Transaction been completed on the dates assumed.","https://www.sec.gov/Archives/edgar/data/1638833/000163883326000085/0001638833-26-000085-index.htm","https://www.sec.gov/cgi-bin/browse-edgar?action=getcompany&CIK=1638833&type=8-K&dateb=&owner=include&count=40"
"0001683168-26-007206","AETHLON MEDICAL INC","AEMD","Nasdaq","882291","1.01 5.01 7.01 9.01","Surgical & Medical Instruments & Apparatus","Non-accelerated filer · Smaller reporting company","574245","2023","SAN DIEGO","CA","BISHOP EQUITIES INC","2026-09-17","2026-09-17","","Important Information About Investigational Product Candidates This press release concerns drug candidates that are under preclinical and clinical investigation, and which have not yet been approved by the U.S. Food and Drug Administration.","https://www.sec.gov/Archives/edgar/data/882291/000168316826007206/0001683168-26-007206-index.htm","https://www.sec.gov/cgi-bin/browse-edgar?action=getcompany&CIK=882291&type=8-K&dateb=&owner=include&count=40"
"0001140361-26-036721","BARNWELL INDUSTRIES INC","","","10048","2.01 7.01 9.01","Energy & Transportation","","","","HOUSTON","TX","BMA CORP/TN","2026-09-15","2026-09-16","","With the closing completed, Barnwell has now monetized its remaining Hawaii development interests.","https://www.sec.gov/Archives/edgar/data/10048/000114036126036721/0001140361-26-036721-index.htm","https://www.sec.gov/cgi-bin/browse-edgar?action=getcompany&CIK=10048&type=8-K&dateb=&owner=include&count=40"
"0001193125-26-393037","INVE Technologies, Inc.","","","1036044","2.01 5.03 5.07 7.01 9.01","","","","","","","","2026-09-10","2026-09-16","","On June 24, 2026, the Company entered into a Stock and Asset Purchase Agreement (the “Agreement”) with Trackonomy Systems, Inc., a Delaware corporation (“Buyer”).","https://www.sec.gov/Archives/edgar/data/1036044/000119312526393037/0001193125-26-393037-index.htm","https://www.sec.gov/cgi-bin/browse-edgar?action=getcompany&CIK=1036044&type=8-K&dateb=&owner=include&count=40"
"0001493152-26-042846","Reliance Global Group, Inc.","EZRA","Nasdaq","1812727","2.01 7.01 9.01","Insurance Agents, Brokers & Service","Non-accelerated filer · Smaller reporting company","12430959","2025","LAKEWOOD","NJ","","2026-09-11","2026-09-16","","The Southwestern Montana Insurance Center sale is in addition to the previously announced expected sale of the Michigan-based Altruis Benefit Consulting agency.","https://www.sec.gov/Archives/edgar/data/1812727/000149315226042846/0001493152-26-042846-index.htm","https://www.sec.gov/cgi-bin/browse-edgar?action=getcompany&CIK=1812727&type=8-K&dateb=&owner=include&count=40"
"0001717547-26-000065","BrightSpire Capital, Inc.","","","1717547","2.01 9.01","Real Estate & Construction","","","","NEW YORK","NY","Colony Credit Real Estate, Inc.","2026-09-14","2026-09-16","","Unaudited Pro Forma Condensed Consolidated Financial Statements The unaudited pro forma condensed consolidated balance sheet presents the Company’s unaudited condensed consolidated balance sheet as of June 30, 2026, as if the sale had been completed on that date.","https://www.sec.gov/Archives/edgar/data/1717547/000171754726000065/0001717547-26-000065-index.htm","https://www.sec.gov/cgi-bin/browse-edgar?action=getcompany&CIK=1717547&type=8-K&dateb=&owner=include&count=40"
"0001493152-26-042656","Hubilu Venture Corp","","","1639068","1.01 2.01","Real Estate & Construction","","","","BEVERLY HILLS","CA","","2026-09-11","2026-09-15","","","https://www.sec.gov/Archives/edgar/data/1639068/000149315226042656/0001493152-26-042656-index.htm","https://www.sec.gov/cgi-bin/browse-edgar?action=getcompany&CIK=1639068&type=8-K&dateb=&owner=include&count=40"
"0001683168-26-007139","Invech Holdings, Inc.","","","1009919","5.01 5.02 9.01","Trade & Services","","","","LAS VEGAS","NV","Amersin Life Sciences CORP","2026-08-10","2026-09-15","","","https://www.sec.gov/Archives/edgar/data/1009919/000168316826007139/0001683168-26-007139-index.htm","https://www.sec.gov/cgi-bin/browse-edgar?action=getcompany&CIK=1009919&type=8-K&dateb=&owner=include&count=40"
"0001104659-26-107130","KULR Technology Group, Inc.","","","1662684","2.01 5.02","Manufacturing","","","","WEBSTER","TX","KT High-Tech Marketing Inc.","2026-09-04","2026-09-11","","","https://www.sec.gov/Archives/edgar/data/1662684/000110465926107130/0001104659-26-107130-index.htm","https://www.sec.gov/cgi-bin/browse-edgar?action=getcompany&CIK=1662684&type=8-K&dateb=&owner=include&count=40"
"0001140361-26-036283","AtaiBeckley Inc.","","","2081043","2.01 3.01 3.03 5.01 5.02 5.03 9.01","Pharmaceutical Preparations","Emerging growth company","4089000","2025","NEW YORK","NY","atai Life Sciences Luxembourg S.A.","2026-09-11","2026-09-11","","","https://www.sec.gov/Archives/edgar/data/2081043/000114036126036283/0001140361-26-036283-index.htm","https://www.sec.gov/cgi-bin/browse-edgar?action=getcompany&CIK=2081043&type=8-K&dateb=&owner=include&count=40"
"0001193125-26-389318","Korsana Biosciences, Inc.","KRSA","Nasdaq","1755237","1.01 2.01 2.02 3.02 3.03 5.01 5.02 5.03 5.05 5.06 7.01 9.01","Pharmaceutical Preparations","Non-accelerated filer · Smaller reporting company","2074000","2025","WALTHAM","MA","","2026-09-08","2026-09-11","","Morgan Life Sciences Private Capital, SR One, Sanofi Ventures, Kalehua Capital, Spruce Street Capital, and other leading investment management firms.","https://www.sec.gov/Archives/edgar/data/1755237/000119312526389318/0001193125-26-389318-index.htm","https://www.sec.gov/cgi-bin/browse-edgar?action=getcompany&CIK=1755237&type=8-K&dateb=&owner=include&count=40"
"0001213900-26-099305","AIB Data Centers Inc.","AIB","NYSE","2070542","1.01 2.01 2.03 9.01","Commodity Contracts Brokers & Dealers","Emerging growth company","","","NEW YORK","NY","","2026-09-04","2026-09-11","","","https://www.sec.gov/Archives/edgar/data/2070542/000121390026099305/0001213900-26-099305-index.htm","https://www.sec.gov/cgi-bin/browse-edgar?action=getcompany&CIK=2070542&type=8-K&dateb=&owner=include&count=40"
"0001493152-26-042429","Volato Group, Inc.","","","1853070","1.01 2.01 2.03 3.02 3.03 5.02 5.03 9.01","Energy & Transportation","","","","CHAMBLEE","GA","PROOF Acquisition Corp I","2026-09-04","2026-09-11","","","https://www.sec.gov/Archives/edgar/data/1853070/000149315226042429/0001493152-26-042429-index.htm","https://www.sec.gov/cgi-bin/browse-edgar?action=getcompany&CIK=1853070&type=8-K&dateb=&owner=include&count=40"
"0001640334-26-001495","GPO Plus, Inc.","","","1673475","1.01 2.01 3.02 5.03 9.01","Trade & Services","","","","LAS VEGAS","NV","GLOBAL HOUSE HOLDINGS LTD.","2026-09-07","2026-09-11","","","https://www.sec.gov/Archives/edgar/data/1673475/000164033426001495/0001640334-26-001495-index.htm","https://www.sec.gov/cgi-bin/browse-edgar?action=getcompany&CIK=1673475&type=8-K&dateb=&owner=include&count=40"
"0001749723-26-000118","New Fortress Energy Inc.","","","1749723","1.01 1.02 2.01 2.03 3.02 3.03 5.02 5.03 8.01 9.01","Energy & Transportation","","","","NEW YORK","NY","New Fortress Energy LLC","2026-09-11","2026-09-11","","","https://www.sec.gov/Archives/edgar/data/1749723/000174972326000118/0001749723-26-000118-index.htm","https://www.sec.gov/cgi-bin/browse-edgar?action=getcompany&CIK=1749723&type=8-K&dateb=&owner=include&count=40"
"0001819790-26-000066","Tarsus Pharmaceuticals, Inc.","","","1819790","2.01 8.01 9.01","Life Sciences","","","","IRVINE","CA","","2026-09-04","2026-09-10","","","https://www.sec.gov/Archives/edgar/data/1819790/000181979026000066/0001819790-26-000066-index.htm","https://www.sec.gov/cgi-bin/browse-edgar?action=getcompany&CIK=1819790&type=8-K&dateb=&owner=include&count=40"
"0001104659-26-106183","Barinthus Biotherapeutics plc.","BRNS","Nasdaq","1828185","1.02 2.01 3.01 3.03 5.01 9.01","Pharmaceutical Preparations","Emerging growth company","14969000","2024","GERMANTOWN","MD","Vaccitech plc","2026-09-09","2026-09-09","","","https://www.sec.gov/Archives/edgar/data/1828185/000110465926106183/0001104659-26-106183-index.htm","https://www.sec.gov/cgi-bin/browse-edgar?action=getcompany&CIK=1828185&type=8-K&dateb=&owner=include&count=40"
"0001193125-26-385826","Blue Laser Fusion, Inc.","","","1938570","1.01 2.01 3.02 3.03 4.01 5.01 5.02 5.03 5.05 5.06 9.01","Blank Checks","Non-accelerated filer · Smaller reporting company · Emerging growth company","","","GOLETA","CA","Unite Acquisition 2 Corp.","2026-09-04","2026-09-09","","","https://www.sec.gov/Archives/edgar/data/1938570/000119312526385826/0001193125-26-385826-index.htm","https://www.sec.gov/cgi-bin/browse-edgar?action=getcompany&CIK=1938570&type=8-K&dateb=&owner=include&count=40"
"0000038725-26-000062","FRANKLIN ELECTRIC CO INC","","","38725","1.01 2.01 3.02 7.01 9.01","Manufacturing","","","","FORT WAYNE","IN","","2026-09-04","2026-09-08","","Cat Pumps, based in Minneapolis with global operations, is a market leader in high-pressure plunger and piston pumps serving commercial and industrial applications.","https://www.sec.gov/Archives/edgar/data/38725/000003872526000062/0000038725-26-000062-index.htm","https://www.sec.gov/cgi-bin/browse-edgar?action=getcompany&CIK=38725&type=8-K&dateb=&owner=include&count=40"
"0001104659-26-105902","Medalist Diversified, Inc.","MDRR","Nasdaq","1654595","1.01 2.01 9.01","Real Estate Investment Trusts","Non-accelerated filer · Smaller reporting company","10396618","2025","RICHMOND","VA","Medalist Diversified REIT, Inc.","2026-09-01","2026-09-08","","In accordance with Article 11 of Regulation S-X, certain unaudited financial information for the properties disposed of since December 31, 2025 that are not individually significant have also been presented.","https://www.sec.gov/Archives/edgar/data/1654595/000110465926105902/0001104659-26-105902-index.htm","https://www.sec.gov/cgi-bin/browse-edgar?action=getcompany&CIK=1654595&type=8-K&dateb=&owner=include&count=40"
"0001104659-26-105905","SANGAMO THERAPEUTICS, INC","","","1001233","1.03 2.01 7.01 9.01","Life Sciences","","","","RICHMOND","CA","SANGAMO BIOSCIENCES INC","2026-09-02","2026-09-08","","Case 26-10989-CTG Doc 427 Filed 09/02/26 Page 1 of 25 UST Form 11-MOR (12/01/2021) 2 Debtor's Name SANGAMO THERAPEUTICS, INC.","https://www.sec.gov/Archives/edgar/data/1001233/000110465926105905/0001104659-26-105905-index.htm","https://www.sec.gov/cgi-bin/browse-edgar?action=getcompany&CIK=1001233&type=8-K&dateb=&owner=include&count=40"
"0001193125-26-385257","Solaris Energy Infrastructure, Inc.","","","1697500","1.01 2.01 3.02 7.01 9.01","Energy & Transportation","","","","HOUSTON","TX","Solaris Oilfield Infrastructure, Inc.","2026-09-01","2026-09-08","","Transaction Strategy and Highlights  Expands Turnkey Execution Capabilities.","https://www.sec.gov/Archives/edgar/data/1697500/000119312526385257/0001193125-26-385257-index.htm","https://www.sec.gov/cgi-bin/browse-edgar?action=getcompany&CIK=1697500&type=8-K&dateb=&owner=include&count=40"
"0001193125-26-385301","AEVEX Corp.","AVEX","NYSE","2096300","2.01 7.01 9.01","Aircraft","Emerging growth company","","","SOLANA BEACH","CA","Aevex Corp.","2026-09-08","2026-09-08","","Following the closing, BlackSea becomes AEVEX’s Maritime Systems division, led by former BlackSea CEO, Bob Pudney, to preserve its mission-focused culture, deep customer relationships, and at-scale maritime manufacturing.","https://www.sec.gov/Archives/edgar/data/2096300/000119312526385301/0001193125-26-385301-index.htm","https://www.sec.gov/cgi-bin/browse-edgar?action=getcompany&CIK=2096300&type=8-K&dateb=&owner=include&count=40"
"0001683168-26-007007","International Stem Cell CORP","","","1355790","2.01 9.01","Life Sciences","","","","SAN DIEGO","CA","BTHC III INC.","2026-09-01","2026-09-08","","","https://www.sec.gov/Archives/edgar/data/1355790/000168316826007007/0001683168-26-007007-index.htm","https://www.sec.gov/cgi-bin/browse-edgar?action=getcompany&CIK=1355790&type=8-K&dateb=&owner=include&count=40"
"0000893847-26-000091","HAWTHORN BANCSHARES, INC.","HWBK","Nasdaq","893847","2.01 7.01 9.01","National Commercial Banks","Accelerated filer · Smaller reporting company","","","JEFFERSON CITY","MO","EXCHANGE NATIONAL BANCSHARES INC","2026-09-03","2026-09-04","","We welcome the Farmers State Bank team, customers and communities to Hawthorn.","https://www.sec.gov/Archives/edgar/data/893847/000089384726000091/0000893847-26-000091-index.htm","https://www.sec.gov/cgi-bin/browse-edgar?action=getcompany&CIK=893847&type=8-K&dateb=&owner=include&count=40"
"0001104659-26-105512","CONX Corp.","","","1823000","1.01 1.02 2.01 9.01","Real Estate Operators (No Developers) & Lessors","Non-accelerated filer · Smaller reporting company","2022698","2024","LITTLETON","CO","","2026-09-01","2026-09-04","","","https://www.sec.gov/Archives/edgar/data/1823000/000110465926105512/0001104659-26-105512-index.htm","https://www.sec.gov/cgi-bin/browse-edgar?action=getcompany&CIK=1823000&type=8-K&dateb=&owner=include&count=40"
"0001193125-26-383671","LIVEPERSON INC","LPSN","Nasdaq","1102993","2.01 3.01 3.03 5.01 5.02 5.03 8.01 9.01","Services-Prepackaged Software","Accelerated filer · Smaller reporting company","243742000","2025","NEW YORK","NY","","2026-09-04","2026-09-04","","","https://www.sec.gov/Archives/edgar/data/1102993/000119312526383671/0001193125-26-383671-index.htm","https://www.sec.gov/cgi-bin/browse-edgar?action=getcompany&CIK=1102993&type=8-K&dateb=&owner=include&count=40"
"0001213900-26-097399","USA Rare Earth, Inc.","","","1970622","1.01 2.01 2.03 3.02 5.02 7.01 8.01 9.01","","","","","","","","2026-09-03","2026-09-04","","Page 3 of 4 Additional risks and detailed information regarding factors that may cause actual results to differ materially has been and will be included in our filings with the SEC, including our most recently filed Annual Report on Form 10-K and any subsequent Quarterly Reports on Form 10-Q and subsequent filings.","https://www.sec.gov/Archives/edgar/data/1970622/000121390026097399/0001213900-26-097399-index.htm","https://www.sec.gov/cgi-bin/browse-edgar?action=getcompany&CIK=1970622&type=8-K&dateb=&owner=include&count=40"
"0001213900-26-097712","SOUNDHOUND AI, INC.","SOUN","Nasdaq","1840856","1.01 2.01 3.02 5.02 7.01 8.01 9.01","Services-Prepackaged Software","Large accelerated filer","168920000","2025","CLAYMONT","DE","","2026-09-04","2026-09-04","","New Chief Financial Officer Appointed Following an extensive executive search, SoundHound AI has selected John Collins to join the company as its Chief Financial Officer.","https://www.sec.gov/Archives/edgar/data/1840856/000121390026097712/0001213900-26-097712-index.htm","https://www.sec.gov/cgi-bin/browse-edgar?action=getcompany&CIK=1840856&type=8-K&dateb=&owner=include&count=40"
"0001213900-26-097770","Greenland Mines Ltd","GRML","Nasdaq","1907223","1.01 2.01 3.02 5.03 5.07 9.01","Biological Products, (No Diagnostic Substances)","Emerging growth company","","","OMAHA","NE","","2026-09-01","2026-09-04","","","https://www.sec.gov/Archives/edgar/data/1907223/000121390026097770/0001213900-26-097770-index.htm","https://www.sec.gov/cgi-bin/browse-edgar?action=getcompany&CIK=1907223&type=8-K&dateb=&owner=include&count=40"
"0001477932-26-005420","Global Asset Management Group, Inc.","","","55234","1.01 2.01 2.03 3.02 3.03 5.02 8.01 9.01","Trade & Services","","","","ROCKVILLE","MD","KENILWORTH SYSTEMS CORP","2026-08-28","2026-09-04","","","https://www.sec.gov/Archives/edgar/data/55234/000147793226005420/0001477932-26-005420-index.htm","https://www.sec.gov/cgi-bin/browse-edgar?action=getcompany&CIK=55234&type=8-K&dateb=&owner=include&count=40"
"0000950142-26-002481","G III APPAREL GROUP LTD /DE/","GIII","Nasdaq","821002","1.01 2.01 2.02 7.01 9.01","Apparel & Other Finishd Prods of  Fabrics & Similar Matl","Large accelerated filer","2957012000","2026","NEW YORK","NY","ANTE CORP","2026-09-01","2026-09-02","","Morris Goldfarb, G-III's Chairman and Chief Executive Officer, said, ""Our second quarter results reflect strong execution across the organization, with earnings exceeding our guidance, driven by substantial gross margin expansion.","https://www.sec.gov/Archives/edgar/data/821002/000095014226002481/0000950142-26-002481-index.htm","https://www.sec.gov/cgi-bin/browse-edgar?action=getcompany&CIK=821002&type=8-K&dateb=&owner=include&count=40"
"0001006837-26-000110","INNOVATE Corp.","","","1006837","1.01 1.02 2.01 7.01 9.01","Manufacturing","","","","NEW YORK","NY","HC2 HOLDINGS, INC.","2026-08-28","2026-09-02","","The transaction follows the completion of the Broadcasting segment s refinancing announced on June 1, 2026.","https://www.sec.gov/Archives/edgar/data/1006837/000100683726000110/0001006837-26-000110-index.htm","https://www.sec.gov/cgi-bin/browse-edgar?action=getcompany&CIK=1006837&type=8-K&dateb=&owner=include&count=40"
"0001104659-26-104796","CHASE GENERAL CORP","","","15357","1.01 2.01 9.01","Manufacturing","","","","ST JOSEPH","MO","CHASE CANDY CO","2026-08-31","2026-09-02","","","https://www.sec.gov/Archives/edgar/data/15357/000110465926104796/0001104659-26-104796-index.htm","https://www.sec.gov/cgi-bin/browse-edgar?action=getcompany&CIK=15357&type=8-K&dateb=&owner=include&count=40"
"0001193125-26-380190","FiscalNote Holdings, Inc.","NOTE","OTC","1823466","1.01 2.01 7.01 9.01","Services-Business Services, NEC","Accelerated filer · Smaller reporting company","95407000","2025","WASHINGTON","DC","Duddell Street Acquisition Corp.","2026-08-27","2026-09-02","","August 27, 2026 FiscalNote Holdings, Inc. (OTCID: NOTE) ( FiscalNote or the Company ), a global leader in AI-driven policy and regulatory intelligence, today announced the successful divestiture of FrontierView, its market intelligence business, to Oxford Economics, the world s foremost independent economic advisory firm.","https://www.sec.gov/Archives/edgar/data/1823466/000119312526380190/0001193125-26-380190-index.htm","https://www.sec.gov/cgi-bin/browse-edgar?action=getcompany&CIK=1823466&type=8-K&dateb=&owner=include&count=40"
"0001213900-26-096446","Rank One Computing Corp","ROC","Nasdaq","2077709","2.01 8.01 9.01","Services-Prepackaged Software","Emerging growth company","16979679","2025","DENVER","CO","","2026-08-31","2026-09-02","","In connection with the completed acquisition, historical financial statements and pro forma financial information will be made available, pursuant to applicable SEC rules.","https://www.sec.gov/Archives/edgar/data/2077709/000121390026096446/0001213900-26-096446-index.htm","https://www.sec.gov/cgi-bin/browse-edgar?action=getcompany&CIK=2077709&type=8-K&dateb=&owner=include&count=40"
"0001493152-26-041208","NUTRA PHARMA CORP","","","1119643","5.01","Life Sciences","","","","BOCA RATON","FL","CYBER VITAMIN COM","2026-08-21","2026-09-02","","","https://www.sec.gov/Archives/edgar/data/1119643/000149315226041208/0001493152-26-041208-index.htm","https://www.sec.gov/cgi-bin/browse-edgar?action=getcompany&CIK=1119643&type=8-K&dateb=&owner=include&count=40"
"0001753926-26-001687","TWINLAB CONSOLIDATED HOLDINGS, INC.","","","1590695","1.01 1.03 2.01 2.04 2.06 7.01 8.01 9.01","Life Sciences","","","","BOCA RATON","FL","MIRROR ME, INC.","2026-08-21","2026-09-02","","","https://www.sec.gov/Archives/edgar/data/1590695/000175392626001687/0001753926-26-001687-index.htm","https://www.sec.gov/cgi-bin/browse-edgar?action=getcompany&CIK=1590695&type=8-K&dateb=&owner=include&count=40"
"0001829126-26-009632","Exascale Labs Holdings Inc.","","","2109869","1.01 1.02 2.01 3.01 3.03 4.01 5.01 5.02 5.03 5.06 7.01 9.01","Technology","","","","NEW YORK","NY","D. Boral ARC Merger Corp","2026-08-27","2026-09-02","","","https://www.sec.gov/Archives/edgar/data/2109869/000182912626009632/0001829126-26-009632-index.htm","https://www.sec.gov/cgi-bin/browse-edgar?action=getcompany&CIK=2109869&type=8-K&dateb=&owner=include&count=40"
"0001062993-26-004704","ENERGY FUELS INC","UUUU","NYSE","1385849","2.01 3.02 9.01","Mining & Quarrying of  Nonmetallic Minerals (No Fuels)","Large accelerated filer","65922000","2025","LAKEWOOD","CO","","2026-08-28","2026-08-28","","","https://www.sec.gov/Archives/edgar/data/1385849/000106299326004704/0001062993-26-004704-index.htm","https://www.sec.gov/cgi-bin/browse-edgar?action=getcompany&CIK=1385849&type=8-K&dateb=&owner=include&count=40"
"0001683168-26-006767","INTRUSION INC","","","736012","1.01 2.01 2.03 5.07 9.01","Technology","","","","PLANO","TX","INTRUSION COM INC","2026-08-28","2026-08-28","","","https://www.sec.gov/Archives/edgar/data/736012/000168316826006767/0001683168-26-006767-index.htm","https://www.sec.gov/cgi-bin/browse-edgar?action=getcompany&CIK=736012&type=8-K&dateb=&owner=include&count=40"